Workbook

Sheet Cómo usar
B1: Plantilla de matriz de polivalencia
B2: REELEVO · gmvsolutions.es · Datos de ejemplo ficticios: bórralos y pon los tuyos.
B4: Una matriz de polivalencia cruza a los operarios con los puestos de la planta y dice, para cada combinación, con qué nivel de autonomía puede trabajar esa persona en ese puesto. Sirve para cubrir bajas y vacaciones, planificar turnos y decidir a quién formar primero.
B5: Cómo se rellena
B7: 1. En la hoja Matriz, escribe los puestos en la fila de cabecera (celdas amarillas, hasta 30) y los operarios en la primera columna (hasta 60), con su turno.
B8: 2. En cada cruce, pon el nivel de 0 a 4. Si lo dejas vacío cuenta como 0. Los colores salen solos.
B9: 3. Lo demás se calcula: debajo de cada puesto, cuántos autónomos tiene y su estado; a la derecha de cada operario, en cuántos puestos es autónomo; y en Resumen, qué puestos están en riesgo.
B10: Los cinco niveles
B12: 0 · No formado: No ha hecho el puesto ni ha recibido formación.
B13: 1 · En formación: Está aprendiendo. No puede quedarse solo en el puesto.
B14: 2 · Con supervisión: Lo hace, pero necesita a alguien cerca para dudas o cambios.
B15: 3 · Autónomo: Cubre el puesto solo, con calidad y seguridad, en cualquier turno.
... B23: Más información: gmvsolutions.es/gestion-competencias/

Sheet Resumen
A1: Resumen de cobertura (se calcula solo)
A2: No escribas aquí. Riesgo = un solo autónomo en el puesto. Sin cobertura = ninguno.
A4: Puestos en la matriz | B4: =COUNTA(Matriz!$C$4:$AF$4) -> 6
A5: Operarios en la matriz | B5: =COUNTA(Matriz!$A$5:$A$64) -> 8
A6: Puestos sin cobertura (ningún autónomo) | B6: =COUNTIF(Matriz!$C$68:$AF$68,"Sin cobertura") -> 0
A7: Puestos en riesgo (un solo autónomo) | B7: =COUNTIF(Matriz!$C$68:$AF$68,"Riesgo") -> 2
A8: Puestos con al menos dos autónomos | B8: =COUNTIF(Matriz!$C$68:$AF$68,"OK") -> 4
A11: Puesto | B11: Autónomos | C11: Pueden formar | D11: Estado
A12: =Matriz!C4&"" -> Inyectora 1 | B12: =Matriz!C66&"" -> 2 | C12: =Matriz!C67&"" -> 1 | D12: =Matriz!C68&"" -> OK
A13: =Matriz!D4&"" -> Inyectora 2 | B13: =Matriz!D66&"" -> 1 | C13: =Matriz!D67&"" -> 0 | D13: =Matriz!D68&"" -> Riesgo
A14: =Matriz!E4&"" -> Montaje | B14: =Matriz!E66&"" -> 4 | C14: =Matriz!E67&"" -> 1 | D14: =Matriz!E68&"" -> OK
A15: =Matriz!F4&"" -> Control calidad | B15: =Matriz!F66&"" -> 1 | C15: =Matriz!F67&"" -> 0 | D15: =Matriz!F68&"" -> Riesgo
A16: =Matriz!G4&"" -> Envasado | B16: =Matriz!G66&"" -> 5 | C16: =Matriz!G67&"" -> 1 | D16: =Matriz!G68&"" -> OK
A17: =Matriz!H4&"" -> Carretilla | B17: =Matriz!H66&"" -> 3 | C17: =Matriz!H67&"" -> 1 | D17: =Matriz!H68&"" -> OK
A18: =Matriz!I4&"" | B18: =Matriz!I66&"" | C18: =Matriz!I67&"" | D18: =Matriz!I68&""
A19: =Matriz!J4&"" | B19: =Matriz!J66&"" | C19: =Matriz!J67&"" | D19: =Matriz!J68&""
A20: =Matriz!K4&"" | B20: =Matriz!K66&"" | C20: =Matriz!K67&"" | D20: =Matriz!K68&""
A21: =Matriz!L4&"" | B21: =Matriz!L66&"" | C21: =Matriz!L67&"" | D21: =Matriz!L68&""
A22: =Matriz!M4&"" | B22: =Matriz!M66&"" | C22: =Matriz!M67&"" | D22: =Matriz!M68&""
A23: =Matriz!N4&"" | B23: =Matriz!N66&"" | C23: =Matriz!N67&"" | D23: =Matriz!N68&""
A24: =Matriz!O4&"" | B24: =Matriz!O66&"" | C24: =Matriz!O67&"" | D24: =Matriz!O68&""
A25: =Matriz!P4&"" | B25: =Matriz!P66&"" | C25: =Matriz!P67&"" | D25: =Matriz!P68&""
A26: =Matriz!Q4&"" | B26: =Matriz!Q66&"" | C26: =Matriz!Q67&"" | D26: =Matriz!Q68&""
A27: =Matriz!R4&"" | B27: =Matriz!R66&"" | C27: =Matriz!R67&"" | D27: =Matriz!R68&""
A28: =Matriz!S4&"" | B28: =Matriz!S66&"" | C28: =Matriz!S67&"" | D28: =Matriz!S68&""
A29: =Matriz!T4&"" | B29: =Matriz!T66&"" | C29: =Matriz!T67&"" | D29: =Matriz!T68&""
A30: =Matriz!U4&"" | B30: =Matriz!U66&"" | C30: =Matriz!U67&"" | D30: =Matriz!U68&""
A31: =Matriz!V4&"" | B31: =Matriz!V66&"" | C31: =Matriz!V67&"" | D31: =Matriz!V68&""
A32: =Matriz!W4&"" | B32: =Matriz!W66&"" | C32: =Matriz!W67&"" | D32: =Matriz!W68&""
A33: =Matriz!X4&"" | B33: =Matriz!X66&"" | C33: =Matriz!X67&"" | D33: =Matriz!X68&""
A34: =Matriz!Y4&"" | B34: =Matriz!Y66&"" | C34: =Matriz!Y67&"" | D34: =Matriz!Y68&""
A35: =Matriz!Z4&"" | B35: =Matriz!Z66&"" | C35: =Matriz!Z67&"" | D35: =Matriz!Z68&""
A36: =Matriz!AA4&"" | B36: =Matriz!AA66&"" | C36: =Matriz!AA67&"" | D36: =Matriz!AA68&""
A37: =Matriz!AB4&"" | B37: =Matriz!AB66&"" | C37: =Matriz!AB67&"" | D37: =Matriz!AB68&""
A38: =Matriz!AC4&"" | B38: =Matriz!AC66&"" | C38: =Matriz!AC67&"" | D38: =Matriz!AC68&""
A39: =Matriz!AD4&"" | B39: =Matriz!AD66&"" | C39: =Matriz!AD67&"" | D39: =Matriz!AD68&""
A40: =Matriz!AE4&"" | B40: =Matriz!AE66&"" | C40: =Matriz!AE67&"" | D40: =Matriz!AE68&""
A41: =Matriz!AF4&"" | B41: =Matriz!AF66&"" | C41: =Matriz!AF67&"" | D41: =Matriz!AF68&""

Sheet Matriz
A1: Matriz de polivalencia
A2: Rellena lo amarillo: puestos, operarios, turno y niveles (0 No formado · 1 En formación · 2 Con supervisión · 3 Autónomo · 4 Puede formar).
A4: Operario | B4: Turno | C4: Inyectora 1 | D4: Inyectora 2 | E4: Montaje | F4: Control calidad | G4: Envasado | H4: Carretilla | AG4: Puestos en los que es autónomo | AH4: Puestos que puede enseñar
A5: Ana R. | B5: Mañana | C5: 4 | D5: 3 | E5: 2 | F5: 1 | G5: 3 | H5: 0 | AG5: =IF($A5="","",COUNTIF(C5:AF5,">=3")) -> 3 | AH5: =IF($A5="","",COUNTIF(C5:AF5,4)) -> 1
A6: Luis M. | B6: Mañana | C6: 3 | D6: 2 | E6: 4 | F6: 0 | G6: 2 | H6: 3 | AG6: =IF($A6="","",COUNTIF(C6:AF6,">=3")) -> 3 | AH6: =IF($A6="","",COUNTIF(C6:AF6,4)) -> 1
A7: Carmen S. | B7: Tarde | C7: 2 | D7: 1 | E7: 3 | F7: 3 | G7: 4 | H7: 0 | AG7: =IF($A7="","",COUNTIF(C7:AF7,">=3")) -> 3 | AH7: =IF($A7="","",COUNTIF(C7:AF7,4)) -> 1
A8: Javier T. | B8: Tarde | C8: 1 | D8: 0 | E8: 3 | F8: 0 | G8: 3 | H8: 3 | AG8: =IF($A8="","",COUNTIF(C8:AF8,">=3")) -> 3 | AH8: =IF($A8="","",COUNTIF(C8:AF8,4)) -> 0
A9: Marta G. | B9: Noche | C9: 0 | D9: 0 | E9: 2 | F9: 0 | G9: 3 | H9: 0 | AG9: =IF($A9="","",COUNTIF(C9:AF9,">=3")) -> 1 | AH9: =IF($A9="","",COUNTIF(C9:AF9,4)) -> 0
A10: Pedro L. | B10: Noche | C10: 2 | D10: 1 | E10: 1 | F10: 0 | G10: 2 | H10: 4 | AG10: =IF($A10="","",COUNTIF(C10:AF10,">=3")) -> 1 | AH10: =IF($A10="","",COUNTIF(C10:AF10,4)) -> 1
A11: Sara P. | B11: Mañana | C11: 1 | D11: 0 | E11: 3 | F11: 2 | G11: 3 | H11: 0 | AG11: =IF($A11="","",COUNTIF(C11:AF11,">=3")) -> 2 | AH11: =IF($A11="","",COUNTIF(C11:AF11,4)) -> 0
A12: Diego F. | B12: Tarde | C12: 0 | D12: 0 | E12: 1 | F12: 0 | G12: 1 | H12: 0 | AG12: =IF($A12="","",COUNTIF(C12:AF12,">=3")) -> 0 | AH12: =IF($A12="","",COUNTIF(C12:AF12,4)) -> 0
AG13: =IF($A13="","",COUNTIF(C13:AF13,">=3")) | AH13: =IF($A13="","",COUNTIF(C13:AF13,4))
AG14: =IF($A14="","",COUNTIF(C14:AF14,">=3")) | AH14: =IF($A14="","",COUNTIF(C14:AF14,4))
AG15: =IF($A15="","",COUNTIF(C15:AF15,">=3")) | AH15: =IF($A15="","",COUNTIF(C15:AF15,4))
AG16: =IF($A16="","",COUNTIF(C16:AF16,">=3")) | AH16: =IF($A16="","",COUNTIF(C16:AF16,4))
AG17: =IF($A17="","",COUNTIF(C17:AF17,">=3")) | AH17: =IF($A17="","",COUNTIF(C17:AF17,4))
AG18: =IF($A18="","",COUNTIF(C18:AF18,">=3")) | AH18: =IF($A18="","",COUNTIF(C18:AF18,4))
AG19: =IF($A19="","",COUNTIF(C19:AF19,">=3")) | AH19: =IF($A19="","",COUNTIF(C19:AF19,4))
AG20: =IF($A20="","",COUNTIF(C20:AF20,">=3")) | AH20: =IF($A20="","",COUNTIF(C20:AF20,4))
AG21: =IF($A21="","",COUNTIF(C21:AF21,">=3")) | AH21: =IF($A21="","",COUNTIF(C21:AF21,4))
AG22: =IF($A22="","",COUNTIF(C22:AF22,">=3")) | AH22: =IF($A22="","",COUNTIF(C22:AF22,4))
AG23: =IF($A23="","",COUNTIF(C23:AF23,">=3")) | AH23: =IF($A23="","",COUNTIF(C23:AF23,4))
AG24: =IF($A24="","",COUNTIF(C24:AF24,">=3")) | AH24: =IF($A24="","",COUNTIF(C24:AF24,4))
... AG64: =IF($A64="","",COUNTIF(C64:AF64,">=3")) | AH64: =IF($A64="","",COUNTIF(C64:AF64,4))
A66: Autónomos (nivel 3 o 4) | C66: =IF(C4="","",COUNTIF(C5:C64,">=3")) -> 2 | D66: =IF(D4="","",COUNTIF(D5:D64,">=3")) -> 1 | E66: =IF(E4="","",COUNTIF(E5:E64,">=3")) -> 4 | F66: =IF(F4="","",COUNTIF(F5:F64,">=3")) -> 1 | G66: =IF(G4="","",COUNTIF(G5:G64,">=3")) -> 5 | H66: =IF(H4="","",COUNTIF(H5:H64,">=3")) -> 3 | I66: =IF(I4="","",COUNTIF(I5:I64,">=3")) | J66: =IF(J4="","",COUNTIF(J5:J64,">=3")) | ... AF66: =IF(AF4="","",COUNTIF(AF5:AF64,">=3"))
A67: Pueden formar (nivel 4) | C67: =IF(C4="","",COUNTIF(C5:C64,4)) -> 1 | D67: =IF(D4="","",COUNTIF(D5:D64,4)) -> 0 | E67: =IF(E4="","",COUNTIF(E5:E64,4)) -> 1 | F67: =IF(F4="","",COUNTIF(F5:F64,4)) -> 0 | G67: =IF(G4="","",COUNTIF(G5:G64,4)) -> 1 | H67: =IF(H4="","",COUNTIF(H5:H64,4)) -> 1 | I67: =IF(I4="","",COUNTIF(I5:I64,4)) | J67: =IF(J4="","",COUNTIF(J5:J64,4)) | ... AF67: =IF(AF4="","",COUNTIF(AF5:AF64,4))
A68: Estado del puesto | C68: =IF(C4="","",IF(C66=0,"Sin cobertura",IF(C66=1,"Riesgo","OK"))) -> OK | D68: =IF(D4="","",IF(D66=0,"Sin cobertura",IF(D66=1,"Riesgo","OK"))) -> Riesgo | E68: =IF(E4="","",IF(E66=0,"Sin cobertura",IF(E66=1,"Riesgo","OK"))) -> OK | F68: =IF(F4="","",IF(F66=0,"Sin cobertura",IF(F66=1,"Riesgo","OK"))) -> Riesgo | G68: =IF(G4="","",IF(G66=0,"Sin cobertura",IF(G66=1,"Riesgo","OK"))) -> OK | H68: =IF(H4="","",IF(H66=0,"Sin cobertura",IF(H66=1,"Riesgo","OK"))) -> OK | I68: =IF(I4="","",IF(I66=0,"Sin cobertura",IF(I66=1,"Riesgo","OK"))) | J68: =IF(J4="","",IF(J66=0,"Sin cobertura",IF(J66=1,"Riesgo","OK"))) | ... AF68: =IF(AF4="","",IF(AF66=0,"Sin cobertura",IF(AF66=1,"Riesgo","OK")))
